split,index,text,true_label,pred_label,true_name,pred_name,prob_true,prob_pred,margin
test,6592,"Sony, IBM, Toshiba Give Details of 'Cell' Chip (Reuters) Reuters - IBM , Sony Corp. (6758.T) and\Toshiba Corp. (6502.T) on Monday revealed their plans for the\powerful new ""Cell"" processor the three are jointly producing\to run next-generation computers, game consoles and\televisions.",2,3,Business,Sci/Tech,0.0024776458740234,0.99609375,0.9936161041259766
test,3617,"Linux: Paris weighs a shift to open-source camp PARIS The open-source computer system known as Linux won a tough battle over Microsoft earlier this year when the city of Munich decided to change the operating software of 14,000 government computers, despite the personal intervention of Steve Ballmer ",2,3,Business,Sci/Tech,0.00115966796875,0.9951171875,0.9915657043457032
test,6276,Federal CISOs Rank Patch Management As Biggest Obstacle Survey by Intelligent Decisions indicates that patch management leaves less time for chief information security officers to work on improving overall security.,2,3,Business,Sci/Tech,0.0048027038574218,0.99365234375,0.9888496398925782
test,3968,"US consumers unaware of spyware The findings come in a report from the newly formed Consumer Spyware Initiative, a joint effort by Dell and the non-profit Internet Education Foundation that aims to increase awareness of spyware.",2,3,Business,Sci/Tech,0.006622314453125,0.99267578125,0.986053466796875
test,2574,"Adobe updates RAW plug-in with digital negative format Adobe has updated Photoshop #39;s support for digital cameras #39; RAW image formats. The new plug-in adds to the number of camera models supported and includes a utility for converting images into the DNG, digital negative format.",2,3,Business,Sci/Tech,0.0078964233398437,0.99169921875,0.9838027954101562
test,5479,Halo 2 scores record sales of \$125 million in first 24 hours Halo 2 broke entertainment retail records in its first 24 hours. Microsoft Game Studios said that the video game sold through 2.4 million stores in the US and Canada raking in \$125 million in sales.,2,3,Business,Sci/Tech,0.0118179321289062,0.986328125,0.9745101928710938
test,6748,"Intel planning Centrino-like brand for desktops Intel is preparing a marketing strategy that will brand desktop PCs with a similar label that made its Centrino notebook technology a household name, according to sources familiar with the company's plans.",2,3,Business,Sci/Tech,0.0167236328125,0.98291015625,0.9661865234375
test,5129,"Product Previews palmOneUpgrades Treo With Faster Chip, Better Display\With more than 600,000 units shipped, the Treo 600 is one of the big smartphone success stories. Last week, palmOne introduced the follow-on Treo 650 with a higher resolution 320-by-320-pixel TFT screen, which the company claims increases the visible area of the display and makes pictures and documents much clearer. The 650 also carries a removable battery; 32MB of flash memory, and a faster 312MHz, Intel XScale processor. Improved multimedia features include a built-in MP3 player, a digital camera with improved low-light capabilities, as well as video capture and playback functionality. Products are expected to ship by years end from some carriers who will add their own services, and will be priced at about \$499.\ Treo 650, palmOne",2,3,Business,Sci/Tech,0.0175018310546875,0.98193359375,0.9644317626953125
test,317,Amazon Snaps Up China's Largest Web Retailer (NewsFactor) NewsFactor - Amazon.com (Nasdaq: AMZN) has said it will buy Joyo.com Limited -- a British Virgin Islands company that operates the largest Internet retail Web site in China -- for US #36;75 million.,2,3,Business,Sci/Tech,0.01544189453125,0.98046875,0.96502685546875
test,1252,Retailers Looking to Move Plasma TV's (AP) AP - Hanging stockings by the chimney with care? Retailers hope that St. Nicholas soon will be there  #151; to hang a 42-inch plasma-screen TV.,2,3,Business,Sci/Tech,0.0216522216796875,0.97802734375,0.9563751220703125
test,4097,"Greenspan: Debt, home prices not dangerous The record level of debt carried by American households and soaring home prices do not appear to represent serious threats to the US economy, Federal Reserve Chairman Alan Greenspan said Tuesday.",3,2,Sci/Tech,Business,0.0003116130828857,0.998046875,0.9966316223144532
test,2660,"Gas prices up 5 cents after Hurricane Ivan CAMARILLO, Calif. - Gas prices jumped more than 5 cents a gallon in the past two weeks, largely because of supply problems related to Hurricane Ivan, an industry analyst said.",3,2,Sci/Tech,Business,0.0011243820190429,0.99755859375,0.9964342117309571
test,6247,Before-the-Bell: GenCorp Falls 5.6 Pct. (Reuters) Reuters - Shares of GenCorp Inc.  fell 5.6\percent before the opening bell on Monday after investment fund\Steel Partners withdrew its proposal to acquire the aerospace\and real estate company.,3,2,Sci/Tech,Business,0.0011787414550781,0.9970703125,0.9956083297729493
test,3675,"DreamWorks Animation IPO Set at 29M Shares Underwriters for DreamWorks Animation SKG Inc., producer of the blockbuster ""Shrek"" movies, Tuesday set the terms of the company's pending initial public offering at 29 million common shares, with an estimated price range of \$23 to \$25 a share.",3,2,Sci/Tech,Business,0.003274917602539,0.99609375,0.992818832397461
test,3116,OPM Delving Deeper Into Employees #39; Backgrounds which sets hiring and employment standards for the government -- is reviewing its employees to ensure that they are suitable for jobs involving the  quot;public trust.,3,2,Sci/Tech,Business,0.0004441738128662,0.9951171875,0.9910011291503907
test,6094,"TheStreet.com May Be Up for Sale -- Report (Reuters) Reuters - TheStreet.com Inc. , the\financial news and commentary Web site, may be up for sale,\according to a report in Business Week, sparking a 7 percent\rise in its shares.",3,2,Sci/Tech,Business,0.0077247619628906,0.98974609375,0.9820213317871094
test,1364,"Hyundai signs deal for China truck plant Hyundai Motor Co. said yesterday that it has signed an agreement with a Chinese company, Jianghuai Automobile Corp., to build a commercial vehicle and engine plant in China #39;s Anhui province.",3,2,Sci/Tech,Business,0.003824234008789,0.98583984375,0.9761810302734375
test,664,TiVo loss widens SAN FRANCISCO (CBS.MW) - TiVo said its second-quarter loss widened from a year earlier on higher customer acquisition costs. Free!,3,2,Sci/Tech,Business,0.01409912109375,0.9853515625,0.97125244140625
test,207,"Intuit Posts Wider Loss After Charge (Reuters) Reuters - Intuit Inc. (INTU.O), maker of\the No. 1 U.S. tax presentation software TurboTax, on Wednesday\posted a wider quarterly loss after taking a goodwill\impairment charge during its seasonally weaker fourth quarter.",3,2,Sci/Tech,Business,0.021728515625,0.9775390625,0.955810546875
test,3664,"Oracle vs. PeopleSoft: Lies and Lying CEOs Who Tell Them PeopleSoft #39;s board knew that CEO Craig Conway had erred in his comments, so it filed a corrected version of the meeting transcript with the Securities and Exchange Commission.",3,2,Sci/Tech,Business,0.022735595703125,0.9765625,0.953826904296875
test,4396,"Revolving Door  &lt;em&gt; IN&lt;/em&gt;&lt;br&gt;   Aylwin B. Lewis,  president of Yum Brands, as chief executive of Kmart.",0,2,World,Business,0.0006513595581054,0.99853515625,0.9978837966918946
test,5740,"Dow Jones Agrees to Buy MarketWatch in \$519 Million Deal Dow Jones   Company, the publisher of The Wall Street Journal, has agreed to buy MarketWatch, the parent company of the financial news Web site CBS MarketWatch, for approximately \$519 million, the companies said today.",0,2,World,Business,0.0008044242858886,0.99853515625,0.9977307319641114
test,120,"Oil prices bubble to record high The price of oil has continued its sharp rise overnight, closing at a record high. The main contract in New York, light sweet crude for delivery next month, has closed at a record \$US46.75 a barrel - up 70 cents on yesterday #39;s close. ",0,2,World,Business,0.0011672973632812,0.998046875,0.9968795776367188
test,719,"US economic growth slips to 2.8 Annual US economic growth fell to 2.8 in the second quarter of 2004, marking a slowdown from the 3 estimated a month ago.",0,2,World,Business,0.0031356811523437,0.99609375,0.9929580688476562
test,2613,"Embattled Mortgage Giant Agrees to Meet New Standards Fannie Mae agreed to keep more cash on hand while it corrects accounting problems, a U.S. regulator said.",0,2,World,Business,0.008880615234375,0.990234375,0.981353759765625
test,1197,"World briefs LONDON - A man wielding a machete and a knife attacked two security guards at the building housing the headquarters of the British domestic intelligence service MI5 on Friday, police said.",2,0,Business,World,0.0002741813659667,0.9990234375,0.9986624717712403
test,1110,EU foreign ministers hope to break deadlock over ASEM summit The European Union said Friday it  quot;hoped to reach a conclusion quot; at a meeting of foreign ministers on the participation of military-ruled Myanmar in an upcoming summit of Asian and European nations.,2,0,Business,World,0.0017757415771484,0.99755859375,0.9957828521728516
test,1668,"EU increases pressure for rights in Myanmar EU foreign ministers agreed Monday to tighten sanctions against Myanmar if it does not improve its human rights record by Oct. 8, when an EU meeting with Asian countries starts in Vietnam.",2,0,Business,World,0.0027599334716796,0.99658203125,0.9938220977783204
test,7228,Indonesian diplomats asked to help improve RI #39;s bad image JAKARTA (Antara): President Susilo Yudhoyono asked Indonesian diplomats on Monday to help the government improve Indonesia #39;s bad image.,2,0,Business,World,0.0029773712158203,0.99658203125,0.9936046600341797
test,1296,"Israel to close Erez industrial zone before March Israel would start liquidating the Erez industrial zone in the northern Gaza Strip before launching the first stage of the disengagement plan in March 2005,local newspaper Ha #39;aretz reported on Tuesday.",2,0,Business,World,0.0028858184814453,0.99560546875,0.9927196502685547
test,912,Bryant Makes First Appearance at Trial (AP) AP - NBA star Kobe Bryant arrived at his sexual assault trial Monday as attorneys in the case who spent the weekend poring over questionnaires prepared to question potential jurors individually.,3,1,Sci/Tech,Sports,0.0001073479652404,0.99951171875,0.9990344047546387
test,2126,Bush Scraps Most U.S. Sanctions on Libya (Reuters) Reuters - President Bush on Monday formally\ended the U.S. trade embargo on Libya to reward it for giving\up weapons of mass destruction but left in place U.S.\terrorism-related sanctions.,3,0,Sci/Tech,World,0.0002849102020263,0.9990234375,0.9981703758239747
test,5127,"Another homicide in Holland  It is a sad day.      In what seems to be another politically inspired homicide in Holland, Dutch filmmaker, and controversial columnist Theo van Gogh was brutally murdered in the streets of Amsterdam this morning.",3,0,Sci/Tech,World,0.0006270408630371,0.99853515625,0.9978179931640625
test,5128,"Argentina Basketball Coach Magnano Quits Ruben Magnano, who coached Argentina to the Olympic basketball gold medal in Athens, resigned Thursday to accept a coaching job in Italy.",0,1,World,Sports,0.0020103454589843,0.99755859375,0.9955482482910157
test,2610,"Dell, AOL team up in schools initiative ROUND ROCK, Texas -- Dell Inc. and America Online Inc. announced a partnership Monday to provide 5,000 low-income students with free refurbished personal computers and a year #39;s worth of Internet access.",2,3,Business,Sci/Tech,0.498046875,0.5009765625,0.0029296875
test,2094,"The battle for DR Congo's wildlife As donors pledge \$40m to save DR Congo's wildlife, life in Virunga Park remains a battle ground.",3,0,Sci/Tech,World,0.49365234375,0.49658203125,0.0029296875
test,1292,"Working Long Hours? Take a Massage Break, Courtesy of Your Boss Companies across the country are offering yoga and meditation classes to help employees relax, reduce stress and recharge.",3,2,Sci/Tech,Business,0.49462890625,0.50048828125,0.005859375
test,6043,"US May Have New Case of Mad Cow Disease  WASHINGTON (Reuters) - A final test is likely to confirm a  second U.S. case of mad cow disease, experts said on Thursday,  though they see a small possibility the animal, which tested  ""inconclusive"" in two preliminary tests, could be given a clean  bill of health.",2,3,Business,Sci/Tech,0.487548828125,0.496337890625,0.0087890625
test,7418,"MicroStrategy Turnover Draws Analyst Scrutiny MicroStrategy Inc. said yesterday that president and chief financial officer Eric F. Brown had resigned and that founder Michael J. Saylor would again hold the company's top three jobs, prompting some analysts to raise concerns about the company's stock.",3,2,Sci/Tech,Business,0.491943359375,0.5068359375,0.014892578125
test,5843,"Crude oil prices continue decline Crude oil fell to the lowest price in almost two months after Iran, OPEC #39;s second-biggest oil producer, said it would stop enriching uranium to ward off US calls for sanctions.",2,0,Business,World,0.48974609375,0.50634765625,0.0166015625
test,1770,"Study: 400K Fewer Tech Jobs Since 2001 The US information tech sector lost 403,300 jobs between March 2001 and this past April, and the market for tech workers remains bleak, according to a new report.",2,3,Business,Sci/Tech,0.489990234375,0.50830078125,0.018310546875
test,6427,"Douglas, Fraser, and blue await you Jim McLeod has a great day job, but a seasonal sideline is his  #39; #39;tree #39; #39; calling. Throughout the year, he #39;s president and owner of a software company called InfoCode Corp.",2,3,Business,Sci/Tech,0.484619140625,0.505859375,0.021240234375
test,2579,SC to hear Zee petition tommorrow Five judges of the top court will hear a petition filed by Zee Telefilms on Tuesday. A three-judge panel of the Supreme Court said a five-judge bench would hear the dispute that threatens the rights of India #39;s ,1,2,Sports,Business,0.0128097534179687,0.50390625,0.02783203125
test,680,Govt. to Test New Air Passenger Screening Program The US government unveiled plans on Thursday for a revised computer-based program using personal information to identify airline passengers who may pose a threat to air travel.,3,2,Sci/Tech,Business,0.483154296875,0.51123046875,0.028076171875
